id,timestamp,date
User_1,2024-03-31 12:20:56,2024-03-31
User_2,2024-02-06 07:46:47,2024-02-06
User_3,2024-08-16 21:58:02,2024-08-16
User_4,2024-12-15 06:49:46,2024-12-15
User_5,2024-06-18 16:57:10,2024-06-18
User_6,2024-05-17 02:34:17,2024-05-17
User_7,2024-02-18 07:12:14,2024-02-18
User_8,2024-01-08 14:35:56,2024-01-08
User_9,2024-06-15 10:49:11,2024-06-15
User_10,2024-01-18 19:42:33,2024-01-18
User_11,2024-05-11 19:34:39,2024-05-11
User_12,2024-04-11 03:15:17,2024-04-11
User_13,2024-06-20 15:17:23,2024-06-20
User_14,2024-09-29 06:40:16,2024-09-29
User_15,2024-08-17 16:39:45,2024-08-17
User_16,2024-07-19 22:41:32,2024-07-19
User_17,2024-08-05 04:34:15,2024-08-05
User_18,2024-10-08 20:19:26,2024-10-08
User_19,2024-07-31 23:22:41,2024-07-31
User_20,2024-12-28 13:45:27,2024-12-28
User_21,2024-11-25 01:03:28,2024-11-25
User_22,2024-02-19 03:44:00,2024-02-19
User_23,2024-08-07 03:13:48,2024-08-07
User_24,2024-10-09 01:01:42,2024-10-09
User_25,2024-09-12 12:48:03,2024-09-12
User_26,2024-02-27 23:29:34,2024-02-27
User_27,2024-03-31 17:46:38,2024-03-31
User_28,2024-04-04 19:54:24,2024-04-04
User_29,2024-11-27 02:23:51,2024-11-27
User_30,2024-10-23 12:19:02,2024-10-23
User_31,2024-12-05 23:13:52,2024-12-05
User_32,2024-01-28 11:21:10,2024-01-28
User_33,2024-12-18 16:00:10,2024-12-18
User_34,2024-03-11 09:26:30,2024-03-11
User_35,2024-09-07 21:04:23,2024-09-07
User_36,2024-12-07 08:24:26,2024-12-07
User_37,2024-05-06 10:15:11,2024-05-06
User_38,2024-03-24 10:02:28,2024-03-24
User_39,2024-01-14 22:41:50,2024-01-14
User_40,2024-12-21 10:07:20,2024-12-21
User_41,2024-07-06 00:21:35,2024-07-06
User_42,2024-12-01 04:04:43,2024-12-01
User_43,2024-03-17 00:31:26,2024-03-17
User_44,2024-01-05 05:37:59,2024-01-05
User_45,2024-07-26 07:03:17,2024-07-26
User_46,2024-11-01 20:38:31,2024-11-01
User_47,2024-09-23 14:49:45,2024-09-23
User_48,2024-05-25 02:21:40,2024-05-25
User_49,2024-12-11 10:22:57,2024-12-11
User_50,2024-09-05 15:28:24,2024-09-05
